ID,Central
0,วัน นี้ มี ประ ชุม หัว หน้า บอก ว่า ต้อง เข้า ทุก คน ท่าน มี เรื่อง สํา คัญ จะ ประ กาศ
1,ยาย พิศ เขา เป็น คน ดี นุ่ง ขาว ห่ม ขาว เข้า วัด อยู่ อย่า เห็น บ่อย เวลา ไป วัด ตอน วัน พระ
2,แฟชั่น แบบ ไทย ไทย เรา พอ นาง แบบ เดิน ออก มา คน เขา ก็ ดู ที่ หน้า ตา ก่อน เสื้อ ผ้า มา อัน ดับ สอง
3,หนู ว่า จะ ไป รับ ช้าง ขาย ของ ที่ ตลาด เย็น จะ ได้ ช่วย พี่ หา เงิน บ้าง ดี ไหม
4,ไม่ ว่า ผู้ หญิง ไม่ ว่า ผู้ ชาย ตอน นี้ ขี่ รถ กัน เปล่าน ปาด โทะ ขี่ ไป เป็น พวก พล่าน ได้ พัด กัน สัก วัน น่ะ
5,บาง คน ไป ใช้ บริการ ของ โรง แรม ห้า ดาว ก็ ชอบ ที่ จะ หา ร่อย ฟ้อง ร้อง เอา แต่ เสีย หาย อะ ไร ให้ ได้ บ้าง น่ะ
6,ช่วง เดือน แปด เข้า เดือน เก้า เหนือ ที่ วัด เจดีย์ หลวง ท่าน มี งาน ใส่ ขัน ดอก อินทขีล เรา ไป เที่ยว กัน สัก หน่อย นะ
7,ไป ไหว้ ป้า ละ ยัง รีบ ไป ไหว้ เผื่อ ป้า ให้ เงิน ซัก ร้อย สอง ร้อย เป็น ค่า ขนม
8,แม่ ไม่ ค่อย จะ ได้ อยู่ บ้าน นะ ช่วง นี้ ของ ผ้า ของ ผ้า ดูน เต็ม ซ้า หมด ลูก สัก ให้ แม่ หน่อย นะ
9,มัคนายก หา งาน นี้ ก็ เหนื่อย พอ ประ มาณ แล้ว ยัง ต้อง มา หา ที่ อยู่ อีก จะ เอา อ้วก ถูก ถูก มัน ก็ อยู่ ไกล ที่ อยู่ ใกล้ มัน ก็ แพง
10,พี่ พี่ พรุ่ง นี้ พี่ จะ ไป ไหน ไหม น้อง ว่า จะ ขอ ไป ส่ง ซื้อ ของ ที่ ตลาด วโรรส หน่อย นะ
11,ดอย สุเทพ นี้ มี แต่ โค้ง เนอะ ขับ รถ ขึ้น มา ได้ ไม่ นาน ก็ มัว เราะ ช้น แล้ว ล่ะ
12,อยาก ไป กระ ปลา ที่ น้ํา เหมือง ริม ทุ่ง นา ใคร อยาก ไป กับ ข้า บ้าง เดี๋ยว อีก เดี๋ยว ข้า จะ เลี้ยง ข้าว
13,เธอ อย่า มา ช้อง ฉัน นะ ฉัน รู้ นะ ว่า เมื่อ คืน เธอ ไป เที่ยว ที่ ไหน เธอ ฉัน หลอก ทํา ไม เธอ
14,วัน ซืน แม่ นั่ง ดู ที วี เห็น เขา ลง ข่าว วัด บ้าน เรา ด้วย นะ อีก นิด คน คง จะ มา เที่ยว หลาย
15,ก็ อยาก จะ มี เหมือน กัน แฟน อะ แต่ มัน หา ไม่ ได้ น่า สิ สมัย นี้ ผู้ ชาย ยาก มาก
16,ลูก ต้อง ตั้ง ใจ เรียน เยอะ เยอะ นะ ใหญ่ มา จะ ได้ ไป ทํา งาน ที่ ดี ดี มี หน้า มี ตา อยู่ ใน สัง คม กับ เขา บ้าง
17,เด็ก เมื่อ วาน ก่อน ซืน นี้ เฉย เฉย มาก จริง จริง เขา บอก ว่า อะ ไร ให้ ก็ ไม่ ฟัง
18,เมื่อ คืน พ่อ หวาม หา ผ้า ห่ม ไม่ เจอ ก็ เลย นอน สั่น ทั้ง คืน ดิ้น แบบ ไร ก็ ไม่ นอน
19,จะ ว่า ไป เรา ไม่ เห็น พี่ คํา เลย นะ ตั้ง แต่ เขา แต่ง งาน ใหม่ ก็ หาย หน้า หาย ตา ไป เลย
20,อย่า พูด กัน เสียง ดัง สิ เดี๋ยว ครู จะ เข้า มา ด่า เอา นะ ฉัน ไม่ อยาก ได้ ยิน ครู ด่า
21,กิน ข้าว ก็ กิน ให้ มัน ดี ดี จะ ไป กิน ไป ด้วย เล่น โทรศัพ ไป ด้วย มัน จะ หย้าม
22,หลวง คืน นี้ ลุง ขอ มา นอน ที่ วัด นะ ลุง จัย คู่ ลุง เค้า ไม่ ให้ นอน ด้วย เพราะ ว่า ลุง ลืม เอา เงิน มา รอม เมื่อ วาน
23,ขอ แม่ นั่ง เงิน หลัง ซัก หน่อย สิ เดิน มา ไกล นัก มาก ปวด แข้ง เจ็บ ขา ไป หมด ละ
24,เมื่อ วาน ไป ทํา บัตร ประ ชา ชน ใหม่ อะ ไร ก็ เอ็ง ไป หน่อย เดี๋ยว ก็ ได้ บัตร ละ เสีย อย่าง เดี๋ยว เจ้า หน้า ที่ สะ กด ชื่อ ภา ษา อังกียว เรา ผิด
25,น้อง จา ทํา ไม โต ไว ไม่ ได้ เจอ กัน นาน มาก มาก ใหญ่ ส้ม วย ออก ไป ทาง แม่ เนอะ
26,เพื่อน ของ เรา มัน หุม ตี ไก่ มาก เลย ตอน นี้ ไป ดู มัน สิ เปล่า กาย ลง ไหน ลง นั่น เพราะ บาป ที่ มัน ไป ตี ไก่ นั้น นะ
27,เชียง ดาว มี ที่ เที่ยว ที่ ไหน บ้าง เรา เห็น คน ไป เที่ยว มาก อยาก ลอง ไป เที่ยว ดู ซัก ที
28,ขับ มา ถึง แยก นี้ แล้ว ก็ เลี้ยว ซ้าย ตรง ไป อีก นิด เจอ ซอย ข้าง ขวา มือ ก็ เลี้ยว เข้า ซอย เลย
29,ครู ที่ โรง เรียน โทร มา หา บอก ให้ เธอ เอา หนัง สือ ไป ส่ง ให้ ลูก หน่อย นะ
30,เรา ว่า เรา ทุกข์ ดู ราย การ ใน โทรทัศน์ เขา ยิ่ง ทุกข์ กว่า เรา บ้าง ไม่ มี ที่ อยู่ บ้าง ไม่ มี เข้า กิน
31,อา หาร เมือง ที่ พวก คน กรุง เทพ คน ที่ อื่น เขา รู้ จัก ก็ มี แต่ เข้า ซอย แกง รัง เล น้ํา พริก หนุ่ม เท่า นั้น นะ มั้ย
32,เมื่อ วาน นี้ เห็น เขา ว่า มี แขก ใหญ่ โต มา กิน ข้าว เงิน บน ห้าง วัน นี้ ใต้ ห้าง ก็ เลย เหลี้ยม มาบ มาบ
33,เมื่อ ไหร่ ก็ บ่น ว่า ไม่ มี เงิน ก็ เธอ ไม่ ไป ทํา งาน ไหน สัก ที่ จะ มี เงิน กับ เขา เหรอ
34,วัน พรุ่ง นี้ นะ ไป ซื้อ ฟัน ที่ ตลาด วัว ให้ แม่ หน่อย นะ วัน พรุ่ง นี้ เขา จะ เกิน วัว เอา มา เยอะ เยอะ นะ
35,พ่อ ให้ มา ถาม ว่า ไก่ ตัว นี้ แม่ จะ ทํา อะ ไร กิน พ่อ จะ ได้ เอา ไป ของ ไว้ ถ้า
36,วัน นี้ จะ ไป กลับ บ่วย นะ ใส่ หมวก กัน น็อก ด้วย พ่อ เป็น ห่วง ค่ํา มา รถ มัน เยอะ อันตราย
37,ใคร มี รถ เครื่อง ก็ เอา รถ มอเตอร์ไซค์ ไป นะ ใคร ไม่ มี ก็ หา ซ้อน รถ คน ที่ มี เอา แต่ จะ ไป ซ้อน สาม นะ ตํา รวจ จะ จับ หัว
38,นาย ระ วัง นะ จะ ไป เดิน ผ่าน บ้าน ย่า ฟอง คํา นะ หมา จะ สด ออก มา กัด มึง นา มัน สวก มาก
39,ป้า เหมย ข้าง บ้าน เรา เอา อะ ไร ก็ ไม่ รู้ แม่ เมื่อ เช้า เห็น ลุง มา พา ไป โรง พยาบาล
40,เธอ จะ เอา เสื้อ สี ไหน อย่าง ไร เลือก เอา เถอะ เมื่อ ไหร่ ก็ บ่น ว่า อยาก ได้ เสื้อ ใหม่
41,ถ้า เห็น แสง เขียว ลอย ตาม ห้วย ตอน กลาง คืน จะ ไป ตัก นะ เขา ว่า เป็น สาง ออก มา หา กิน กิน กิน กิน
42,แม่ พ่อ ว่า พ่อ อยาก กิน แกง ฟัก ไม่ ทอง ใส่ ปลา แห้ง พ่อ ว่า ให้ แม่ ไป ซื้อ ที่ ตลาด ให้ หน่อย
43,จริง จริง วัน นั้น ก็ พูด จะ ยัง ไง เห็น ทํา ตาม ที่ พูด เล็ก น้อย ไม่ ต้อง มา หลอก ก็ ไม่ เชื่อ แล้ว
44,นี่ สิ เธอ อยาก ซื้อ เกลือ ไม่ ใช่ เหรอ มี เยอะ แยะ เอา ซัก กี่ ถุง เลือก เอา เลย นะ
45,คน รุ่น ใหม่ เขา ใส่ เสื้อ ผ้า พื้น เมือง กัน บ้าง ไหม หรือ ว่า ใส่ ไป โรง เรียน ทุก วัน ศุกร์ อย่าง เดียว
46,อยาก กรูป อยาก เอ็ดดก ดัง ให้ ได้ ยิน ไป สาม บ้าน แปด บ้าน ไม่ หน้า รัก เลย จ๋า สั่ง แต่ เงิน ไม่ ให้
47,น้ํา หอม กิ่น ทา ทุก ระ นี้ มัน หอม มาก เลย วัน นั้น เรา ซื้อ ไป ฝาก แม่ ขวด หนึ่ง แม่ ชอบ มาก มาก
48,พี่ น้อง ว่า ขอ ยืม ปาก กา สัก ด้าม สิ ของ น้อง มัน หาย ยืม ก่อน เดี๋ยว ไป ซื้อ ใหม่
49,รีบ อาบ น้ํา อาบ ตั้ง แต่ บ่าย สอง แล้ว แม่ ท้อง จะ เข้า ห้อง น้ํา ต่อ เร็ว เร็ว นะ
50,แกง อ่อม ที่ บ้าน ศพ วัน นี้ จาง พริก จาง กระ เกือ ไป น่อย น้ํา พริก ตา แดง อร่อย ดี จับ พริก จับ เกื้อ
51,ลูก บ้าน ประ กาศ ให้ ไป ช่วย กัน ทํา ความ สะ อาด วัด วัน พรุ่ง นี้ หน่อย เห็น ว่า เขา จะ มี งาน สรง น้ํา พระ ธาตุ
52,ที่ จอด รถ ใน โรง รถ เต็ม แล้ว ครับ พี่ เอา ไป จอด ทาง นอก นะ แถว ข้าง ทาง จน จะ มี ที่ จอด อยู่
53,แม่ สั่ง ป้า อ้วน ไว้ แล้ว แม่ เย็น ไป เอา ด้วย มี ยํา งุ้น เส้น เนื้อ ปิ้ง แกง เห็ด ถอบ ขนม เทียน
54,เธอ ปอก มะ ม่วง สัก สอง สาม ลูก ถ้า ฉัน นะ เดี๋ยว ฉัน ไป ซื้อ ปลา แห้ง มา ใส่ ตํา มะ ม่วง หน่อย
55,ลูก เอ๋ย ผ้า ผืน นี้ เขา เอา มา ให้ พวก ผู้ ชาย นุ่ง โจง กระ เบน ตอน กลาง คง ได้ ถ้า อยาก ได้ ผ้า มา บุญ ทุก ลอง ไป ถาม พ่อ อา จารย์ ดู นะ
56,พวก เธอ จะ เอา อะ ไร บ้าง ตอน นี้ ฉัน จะ ไป ร้าน บ้าน ยาย เลย เนี่ย จะ เอา อะ ไร หรือ ว่า มา นะ
57,น้ํา เปรี้ยว ปั่น กับ น้ํา ตอน เท่า ปั่น อัน ไหน อร่อย ก็ กิน อัน นั้น นะ ก็ ว่า จะ ซื้อ มา ให้ สอง แก้ว เลย ก็ ได้
58,พระ สงฆ์ คุณ ผู้ ใหญ่ ตอน กลาง วัน กร้าม วัด รอ แน จะ กิน ไข่ พะ โล้ อา หาร พุ่ง นี้
59,ที่ ตลาด ตอน เย็น เปิด ขาย เป็น ตลาด นัด มี เสื้อ ผ้า อา หาร เล่น เยอะ มาก พวก เด็ก คง จะ ชอบ ไป
60,เพื่อน เรา มัน เป็น คน เงิน ใต้ ผึว มัน ก็ เลย มอย มอย น้อย ผิว สวย มาก เหมือน ผิว ฝรั่ง เลย
61,วัน นี้ คณะ หาย ไป ไหน หมด ไม่ เข้า มา เรียน กัน ไป ด้วย คะ พวก ให้ มา เรียน ด้วย นะ
62,วัน นี้ ไป ดู น้อง มาย เดิน ขบวน ไหม เห็น เพื่อน พวก พูด ว่า น้อง มาย ได้ กํา ป้าย โรง เรียน
63,เป็น เพราะ ไง เป็น แบบ นี้ นะ มั้ย สามี ก็ เลย ขโมย ไป เล่น ชู่ อยู่ ดี ไม่ ว่า ดี ทํา ให้ สามี ได้ ชัง
64,นาย คน โก หก ล้อน ไม่ ใช่ เหรอ ทํา ไม มัน นุ่ง เสื้อ สอง ชั้น สาม ชั้น ไม่ กลัว สิ พิ่ง ลม หรอ นั่น
65,เขา ว่า น้ํา ผึ้ง เป็น ยา อา ยุ วัฒ เอ ถ้า เรา กิน ทุก วัน เรา จะ อา ยุ ยืน มั้ย นะ
66,เมื่อ ไหร่ โควิด มัน จะ หาย ไป ซัก ที เรา เบื่อ ไม่ อยาก เรียน ออน ไลน์ อยู่ ที่ บ้าน แล้ว มัน เรียน ไม่ รู้ เรื่อง
67,งาน หนัก ก็ ไม่ เอา การ เบา ก็ ไม่ พวก เธอ จะ เอา เงิน ที่ ไหน มา ใช้ มา จ่าย
68,ดู เอา เถอะ หมอ มัน ชอบ พูด อะ ไร ไม่ ได้ มัน ถึง เรียง ดี เคี้ยด จริง มัน ไม่ ได้ ดั่ง ใจ
69,เมื่อ วาน ฉัน ได้ ยิน ป้า คํา แก้ว กับ ป้า ศรี บ้าน เขา นินทา เขา นินทา เขา ลุง บุญ มี ขี้ เมา
70,พ่อ เรา ไป วัด เมื่อ วาน ฟัง พระ พุทธรรม เสร็จ ออก วิ หาร มา รอง เท้า หาย ไป ขอน หนึ่ง ไม่ รู้ ว่า คน ใส่ ไป ผิด ก็ ว่า หมา มา คาบ ไป
71,วัน พรุ่ง นี้ ก็ อา ยุ ครบ ยี่ สิบ สี่ ปี แล้ว จะ พา พ่อ กับ แม่ ไป ทํา บุญ ที่ วัด ด้วย กัน
72,พี่ เขา ก็ ว่า คง จะ มา ทํา งาน สัก ช่วง หนึ่ง แต่ ดู คง จะ นาน ฉัน ก็ เลย รวจ ขอ มา นอน ค้าง บ้าน เรา เป็น งาน ชั่ว คราว ก่อน
73,ใหญ่ แล้ว รู้ บ้าง หรือ อะ ไร ดี ทํา อะ ไร อย่า ทํา คิด เอา คน เดียว อย่า ให้ บอก หลาย นะ
74,เมื่อ วาน พวก เธอ เห็น ข่าว ใน โรง เรียน นั้น เขา ทํา กับ ข้าว ให้ เด็ก สี คง จะ อร่อย มาก โรง เรียน บ้าน ไม่ ทํา งั้น บ้าง เมื่อ
75,เย็น นี้ เขา จะ จอง โต๊ะ ร้าน บุฟเฟต์ ตัว กิน เนื้อ วัว ได้ ไหม จะ ได้ บอก ให้ เขา รู้
76,เดือน หน้า เงิน ที่ รอม ไว้ คง จะ พอ แล้ว ว่า จะ เอา ไป ซื้อ ทอง มา เก็บ ไว้ สัก เส้น
77,เฮ้ย คน ทํา ไม มา เยอะ แบบ นี้ สวย เรา กลับ ก่อน ดี ไหม วัน ใหม่ ค่อย มา อีก คน เยอะ แบบ นี้ เรา กลัว โควิด
78,เดี๋ยว นี้ วัด น่า จะ คน หลาย มาก เขา ว่า ลุง คํา เพิ่ง ตาย ลูก เขา เลย เอา ไว้ วัด เอา
79,ผ้า ขาว นี้ ดี นะ เอา มา นุ่ง เล่น อยู่ บ้าน ก็ ได้ เอา มา คาด เอว ไป เที่ยว ไหน ก็ ได้ เอา มา พัน คอ ก็ ได้ เวลา เข้า วัด เข้า วาน ก็ มา เป็น ผ้า ชว้าย กะ ได้
80,ทํา งาน มา ตั้ง แต่ เช้า เหนื่อย แทะ เหนื่อย ว่า ข้าว ตอน ยัง ไม่ ได้ กิน สัก คาบ หน้า จน เลย
81,อา กาศ หนาว นี้ แขก ต่าง บ้าน ต่าง เมือง มา เที่ยว บ้าน เรา เยอะ ที่ พัก บน เขา ไม่ มี แล้ว
82,เธอ ดู นั่นสิ คน แก่ นั่ง ผิง แดด ด้วย กัน เป็น พวก คุย จา ด้วย กัน ไป เหมาะ กับ หน้า หนาว มาก
83,น้อง คน งาม กิน ข้าว เย็น แล้ว หรอ ไป กิน ข้าว เย็น ที่ โล บิน สิน กับ พี่ ไหม
84,เด็ก หญิง นี้ มา เล่น ชะ อม ก็ เก่ง แต่ เก่ง ว่า เด็ก สมัย นี้ มัน เหน็ด จริง จริง
85,มา ช่วย เรา อาทิ้ว ของ หน่อย สิ มัน หนัก ไม่ หัน อาทิ้ว คน เดียว ไม่ สิ ก็ นึก ว่า มัน จะ มี หน่อย เดียว
86,ไป เดิน ใกล้ วัว เดี๋ยว มัน จะ ไล่ ขวิด ซ้ํา ตัว ก็ แข้ง สั้น อยู่ นั่น แล้ว มัน ชอบ มา ประ เดี๋ยว จะ หก หนี ทัน หรอ
87,คน แก่ สอง คน นั้น ชอบ นินทา เขา อื่น มาก วัน นั้น เดิน ผ่าน กํา ลัง นินทา ป้า ศรี อยู่
88,เธอ ชอบ ร้อง เพลง ไหม ฉัน จะ ชวน ไป ร้อง คาราโอเกะ ด้วย กัน ที่ โล ตัส ข้าง หมู่ บ้าน เรา
89,วัน นี้ แม่ ขอ กิน ข้าว ก่อน นะ จะ รีบ ขึ้น ไป ดู หนัง ช่อง สาม ตอน จบ คืน นี้ แล้ว
90,อี๋ น้ํา ก็ ไม่ อาบ แล้ว  จะ นอน นอน นอน ก็ รีบ ไป อาบ น้ํา เสีย ไม่ ใช่ หนาว มาก เลย
91,พวก เธอ วัน นี้ เรา จะ ซื้อ อะ ไร เป็น ของ ขวัญ วัน เกิด ให้ น้อง จอย ดี คิด ออก กัน บ้าง ไหม
92,แม่ ก็ คิด เห็น ว่า สวน เรา มัน ไกล กัน ว่า เธอ ขยัน จะ ไป เก็บ เอา นั่น ก็ ตาม ใจ เธอ เถอะ
93,ยาย จะ ไป ตลาด นะ ไป ดู ไฟ ที่ เตา ฮัง กิโล ด้วย หลัว จะ หมด ก็ เลย อีก นะ จะ ได้ ไม่ มอด
94,เธอ ว่าง ไหม ตอน นี้ มา ช่วย ฉัน เลือก ของ ที่ ห้าง หน่อย ได้ ไหม ไม่ รู้ จะ เอา อะ ไร ไป ให้ วิทยา กรรม เค้า ดี
95,เอา เชื่อ ฟาก มัด เมือง ผัด ให้ ดี ดี นะ ไม่ งั้น มัน จะ ถอด ผ่าน ออก เกียจ ใหม่ เลย
96,เลิก โรง เรียน มา ก็ รีบ กลับ บ้าน นะ อย่า ไป เที่ยว ที่ ไหน ก็ มา บอก ที่ บ้าน ก่อน เขา จะ ได้ บ่อ เป็น ห่วง
97,ผลไม้ ที่ วาง ขาย บน ห้าง นี้ แพง จริง แล้ว นะ ลูก จน อยาก จะ ร้อย กลับ ไป ซื้อ ที่ ตลาด บ้าน เรา นู่น เถอะ
98,เธอ มี ที่ เที่ยว ใน เชียง ใหม่ แนะ นํา บ้าง ไหม เพื่อน เรา มา ไม่ รู้ จะ ไป เที่ยว ที่ ไหน
99,ใกล้ ค่ํา ละ เดี๋ยว มา ช่วย ลุง ทํา ห้าง บน คา คล้า หน่อย นะ กลาง คืน นอน ใน ป่า เขา ไม่ ให้ นอน กับ พื้น ดิน
100,ออก ไป ซื้อ ข้าว ตอน อย่า ลืม เอา ไป ด้วย นะ ดู ฟ้า สี มืด มืด อย่าง ฝน จะ ตก เนี่ย เอา ไป ด้วย กัน ไว้
101,เย็น นี้ ฉัน จะ แกง ฟัก เขียว ใส่ เนื้อ ไก่ เธอ อยาก กิน ก็ เอา ถ้วย มา แบ่ง ไป กิน ก็ ได้ นะ
102,ฤดู ร้อน แบบ นี้ อยาก ไป เที่ยว น้ํา ตก เนอะ นั่ง กิน ส้ม ตํา นอน แช่ น้ํา เสีย จริง
103,งาน ของ นัก เรียน กิน เวลา อีก พัก ใหญ่ จน รู้ สึก หวย ตา นึก ขึ้น ได้ ยัง มี งาน ประ จํา อีก อย่าง คือ ให้ อา หาร แมว
104,พรุ่ง นี้ เรา ไป เที่ยว เมือง ฝาง กัน ไม่ เค้า อยาก กิน มือง ฝาง อะ มัน หวาน ดี มาก เลย นะ ตัว
105,วัน นี้ ครู สอน อะ ไร อะ ไร เพื่อน เรา ตื่น ไม่ ทัน ตั้ง นะ ฬิ กา คู่ แล้ว แต่ มัน ไม่ ตื่น
106,ป้า ส้ม เขวย หวาน กิโล เท่า ไหร่ ครับ ใช่ ส้ม เมือง ฝาง ไหม นี่ ผม ขอ ซื้อ สอง กิโล ซอ
107,เห็น ยาย แก ว่า อยาก กิน อะ ไร ไม่ รู้ อะ พ่อ ตั้ง แต่ แก ไม่ สบาย อยาก ไป ด่าง เลย
108,นั่ง รถ มา พอ นาน เยอะ ยัง ไม่ ถึง บ้าน พวก เธอ เลย หรือ อีก ไกล ก็ หรอ
109,เธอ ชอบ แกง ฮัง เล ไหม แม่ ฉัน ซื้อ สาม ชั้น มา ฉัน ว่า จะ ทํา แกง ฮัง เล กิน ด้วย กัน นะ
110,งาน ฤดู หนาว ที่ จัด หลัง ศา ลา กาง นั่น เมื่อ คืน นี้ ผู้ ว่า เค้า มา เปิด งาน ของ กิน นี่ มี เยอะ มาก
111,วัน มะ รืน เรา จะ ได้ ไป สอบ คัด เลือก เป็น ฉัน ราชคาร แล้ว ทั้ง ตื่น เต้น ก็ กลัว คน สอบ มี เป็น หมื่น หมื่น คน
112,เขา ว่า เป็น แก่ เป็น แก่ ให้ ลูก หลาน รัก ไม่ ดี ทํา ตัว เอง เป็น คน แก่ ปลา ปิ้ง ลูก หลาน ช่าง ชัง
113,พ่อ หนาน วัน นี้ งาน ที่ วัด เยอะ มาก เลย นะ ดู ก็ เดิน ไป เดิน มา จน โสร่ง พอ จะ ถอด มา เรี่ย ชาย พื้น แล้ว นั่น ไป นุ่ง ให้ มัน ดี ดี สวย สวย งาม ก่อน เถอะ ครับ เดี๋ยว ผม ด้วย
114,หน่วย งาน ราชคาล บ้าน เรา นี่ เวลา ทํา งาน ทั้ง ทํา งาน ชา กัน แต่ เอ็น ดู คน เค้า มา รอ ตั้ง แต่ เช้า ละ
115,วัน นี้ จาก มา ก็ รีบ มา ส่อง แว่น เห็น สิว ขึ้น หน้า ผาก มา สอง ลูก เลย รีบ ออก ไป ซื้อ มา ยา ใส่
116,ปี ใหม่ นี้ หนู อยาก กิน หมู กระ ทะ มาก เลย เดี๋ยว ตอน เย็น เรา ไป ตลาด ซื้อ เนื้อ มา ทํา กิน เนอะ
117,พี่ รู้ ไหม ว่า เมื่อ วาน มี รถ พุ่ง ชน ต้น มะ ขาม หน้า วัด บ้าน เรา คน ปวด มี สี่ ห้า คน นู่น แหละ
118,ยาย นาง เขา ทํา กับ ข้าว อร่อย ทํา ขาย เมื่อ ไหร่ ซื้อ มะ ทัน เต็ม หมด เลย
119,เบื่อ มาก ปิด เทอม อยู่ บ้าน วัน มะ ไม่ ได้ ออก ไป ไหน เลย เที่ยว ก็ ไม่ ได้ เที่ยว เมื่อ ไหร่ จะ เปิด เทอม
120,นุ่ง ผ้า หัว แล้ว ไป นั่ง ที่ กลาง จาน อ่าย หน้า ไป ที่ หอ ผี พ่อ หมอ เขา จะ ขวาก หมุ่ บ้าน ให้ หาย ปวด
121,ปี นี้ กฐิน บ้าน เรา ทาง รัฐบาล เขา ไม่ ให้ จัด เพราะ สถาน การณ์ โรค ระ บาด โควิด สิบ เก้า
122,ใคร บอก ให้ เอา พร้า โท้ ออก มา เล่น เอา ไป วาง ไว้ ที่ เก่า เลย ร้าย จริง ร้าย ว่า เด็ก พวก นี้
123,ลูก กลับ มา ดู แกง ให้ แม่ หน่อย แม่ จะ ขี่ รถ ไป เก็บ หอม ด่วน ที่ เหลือ นี้ มัน ไม่ พอ ใส่ ยํา เนื้อ ไก่
124,วัน เด็ก ปี นี้ พ่อ ว่า จะ พา พวก เรา ไป เที่ยว ที่ เชียง ราย จะ ได้ เปิด หู เปิด ตา บ้าง
125,วัน พรุ่ง นี้ เป็น วัน พระ เดือน ห้า เป็ง เย็น นี้ แม่ จะ ไป ตอง มา ทํา กรวย ดอก ไม้ หน่อย
126,พรุ่ง นี้ วัน มะ รืน บ้าน ฉัน จะ ขึ้น บ้าน ใหม่ บอก ว่า จะ ไป เจิน พระ เจ้า วัด บ้าน ใต้ เขา มา
127,เธอ ซื้อ แกง อะ ไร มา นี่ ไม่ อร่อย ซัก นิด เลย ลาบ ปลา ดุ๊ก ที่ พี่ ทํา ก็ ไม่ ได้
128,มา อยู่ ใน วัด ใน วาน ลม พัด เย็น ดี ดัก ปิ้ง วิ่ง วอย เป็น ดี คง อก เลย ชง ใจ จริง จริง
129,เดี๋ยว เรา เอา กับ ข้าว ไป ทาน ให้ พ่อ แล้ว แล้ว ก็ ค่อย มา ไหว้ ศาล เสื้อ วัด ข้าง วัด นี่
130,ไม่ มี เท่า ไฟ มัน จะ ไป ยาก อะ ไร เอา หิน สาม ก้อน มา ก็ เป็น ก้อน เส้า นั่น ก็ วาง ให้ มัน เหมาะ เตา ไฟ ก็ ได้ ละ เอง
131,วัน นี้ ไม่ ออก ไป ทาง ไหน หรือ ทุก ที เห็น ไป รับ งาน นั้น งาน นี้ หรือ ว่า วัน นี้ เป็น วัน พัก ข่อน
132,เด็ก เดี่ยว นี้ รู้ สึก เลย นะ พวก โทรศัพท์ เครื่อง มือ อะ ไร มัน ก็ จะ ไป ทั้ง หมด ทั้ง เสียง
133,บ้าน เธอ ยัง ใช้ น้ํา ไม่ อยู่ เหรอ เมื่อ ก่อน บ้าน ฉัน ก็ ใช้ น้ํา ไม่ อาบ น้ํา ตอน นี้ ไม่ ได้ ใช้ ละ
134,พรุ่ง นี้ วัน เกิด ฉัน จะ ไป ทาน กัน เข้า หา บ้า บ้า เกิด แม่ เกิด ที่ วัด แม่ ไป ส่ง ฉัน หน่อย นะ
135,ขวัญ ช่วย พูด อีก หน่อย ได้ ไหม ขอ ชา บ้า เขา ฟัง ไม่ ทัน ตัว พูด ไว ไป เขา ไม่ รู้ เรื่อง
136,เอ ยิ่ง อ่าน หนัง สือ ไป ก็ ยิ่ง มัว ตา ไป เรื่อย เรื่อย ถอด ไหน ก็ ไม่ รู้ ละ เห็น มัน สูน กัน ไป หมด
137,เห็น พ่อ หนาน บ่น ว่า อยาก ได้ กาง เกง กี หม้อม ห้อม วัน นี้ ไป ธุระ ที่ เมือง แพร่ มา ผม เลย ซื้อ มา ฝาก สาม ตัว
138,ตื่น สาย อีก แล้ว เมื่อ วาน ก็ ตื่น สาย ที นี้ พ่อ จะ ไม่ ไป ส่ง ไป โรง เรียน แล้ว นะ
139,พี่ ฝาก ชาว พวก ซื้อ กาง เกง ยีน มา ให้ ใส่ ไม่ ได้ หน่อย มัน กับ ว่า จะ เอา ทํา ให้ หนู ละ
140,การ ขยาย ตัว ทาง เศรษฐกิจ มา พวก จัง หวัด รอบ นอก ทํา ให้ คน บ้าน เรา พอ มี งาน ได้ ทํา บ้าง อย่าง หน่อย ก็ ไม่ ต้อง ไป หา งาน ที่ ไหน ไกล
141,ถ้า ครู่ เดี๋ยว นะ คะ บอก ให้ เด็ก เด็ก ไป เอา แล้ว มี ให้ พี่ เลือก หลาย แบบ หลาย สี เลย ค่ะ
142,ลาบ หมู แม่ คั่ว แล้ว ไว้ ให้ แล้ว นะ รีบ ลง มา กิน ก่อน ที่ จะ เย็น มัน จะ ไม่ อร่อย แล้ว
143,วัน มะ รืน เงิน หน่วย งาน ราชกาล ศา ลา กลาง เขา จะ มา ทาน ต้น กฐิน ที่ วัด เรา พวก แม่ บ้าน มา ช่วย งาน กัน เยอะ เยอะ ด้วย นะ
144,ดอก ซอม พอ กับ หน้า ร้อน นี้ มัน ช่าง น่า มาก เนอะ สี เปรี แดง เข้า กับ แดด ตอน ร้อน จริง
145,เธอ เธอ มี เงิน สด ใน กระ เป๋า สัก ยี่ สิบ บาท ไหม ฉัน ไม่ ได้ เอา กระ เป๋า เงิน มา อะ
146,อีก สาม วัน จะ สอบ อยู่ แล้ว หนัง สือ ทํา ไม ไม่ ชัก อ่าน เล่น ตาย สิ เกม
147,ใน ปัจุบัน การ ตรวจ สุขภาพ หรือ การ ตรวจ สุขภาพ ประ จํา ปี กาย เป็น เรื่อง ธุรกิจ ที่ ทํา ราย ได้ มหา ศาล ให้ กับ โรง พยาบาล
148,เดิน ดี ดี นะ ทาง นั้น มัน ลื่น นะ ระ วัง เผลิด ขึ้น มา หัว แต่ ไม่ รับ ผิด ชอบ นะ
149,ได้ งิน เสียง ซ้อ ซอ ซึง เมื่อ ไหร่ ก็ เหงา ใจ จริง คิด ถึง บ้าน เรา ตอน ก่อน
150,ตอน นี้ ลูก พี่ สม ได้ เป็น เยอะ ข่าว ออก ที วี แล้ว นะ ดี ใจ แทน พี่ สม ลูก ได้ ทํา งาน ละ
151,เธอ เธอ เดี๋ยว ฉัน จะ รีบ กลับ ไป บ้าน ก่อน นะ เมื่อ กี้ แม่ โทร มา หา ว่า ให้ รีบ กลับ ไป กิน ข้าว คง จะ ทํา ไว้ เยอะ มาก
152,ถ้า ฉัน อยาก ไป เที่ยว สัน ป่า ตอง ฉัน จะ ต้อง นั่ง รถ ไป ยัง ไง เหรอ เธอ พอ จะ รู้ บ้าง ไหม
153,อย่า เพิ่ง นอน ดี ดึก ให้ เช่น นะ เดี๋ยว ตื่น สาย พรุ่ง นี้ โรง เรียน เปิด เทอม วัน แรก จะ ไป ไม่ ทัน
154,น้อง มี กาง เกง ก็ อยาก ได้ แบบ ที่ มี ถง กาง เกง ด้วย ขอ ดู สัก สอง สาม ตัว สี อะ ไร ก็ ได้
155,พี่ ค่อย วัด เจดีย์ หลวง ไป ทาง ไหน คะ น้อง ขับ รถ รอบ คู เมือง สิบ ยี่ สิบ รอบ แล้ว ก็ หา ไม่ เจอ สัก ที หรือ
156,พี่ หน่อย เมื่อ คืน ฝน ตก ทาง คง จะ ลื่น จะ ไป เที่ยว ที่ ไหน ก็ ให้ ระ วัง ไว้ หน่อย นะ
157,เช้า แม่ วัน พรุ่ง นี้ จะ ไป ฟัง เทศน์ ที่ วัด นะ ตื่น มา นึ่ง ข้าว เดี๋ยว แม่ จะ ซื้อ ของ กิน ข้าว มา ให้
158,มอง ขึ้น ไป ทาง บน นั่น สิ เห็น มะ ม่วง ลูก นั่น ก็ เรา อยาก ได้ มา ตํา ตัว สิ มา ให้ เรา หน่อย สิ
159,ไป ตัด ใบ ตอง ให้ ยาย หน่อย เอา เงิน ยอด ยอด นะ สี เขียว อ่อน ตอง แก่ ไม่ ต้อง ต๊ก มา
160,คุณ พ่อ ครับ พอ ดี ว่า ลูก ของ พ่อ ฉัน ไม่ ค่อย ได้ มา เรียน หนัง สือ ไม่ รู้ ว่า เป็น อะ ไร แบบ ไร นะ
161,ที่ ทํา แล้ว เหนื่อย เขย ใจ ก็ ทิ้ง ไว้ ที่ ทํา แล้ว ตก เสีย ใจ ก็ ทํา ไป อย่าง ไร ก็ แล้ว แต่ ไม่ ดี ให้ ไป บีบ เบียน คน อื่น เรา ก็ จะ อยู่ เป็น สุข ละ
162,ไม่ ซอย ได้ ใช้ ให้ มัน เบื่อ แข้ง ไบ ขา เรียก มา ก็ ไม่ มา พูด จะ ไหร่ ก็ แล้ว มัน ไม่ ฟัง
163,พี่ จิต ข้าง บ้าน เรา นี่ โดน ตํา รวจ จับ ไป โรง พัก นู้น เห็น ว่า โดน จับ เรื่อง ยา น่ะ
164,เบ็ด กระ ปลา กับ เบ็ด ตกบ มัน คน ละ อย่าง กัน นะ เบ็ด กระ จม ปลา ยาว แค่ ว่า ก็ ได้ ละ เบ็ด ช่อม กบ นี่ ไม่ ได้ ต้อง สอง สาม วาน ขึ้น ไป
165,ขอ โทษ นะ คะ พี่ พูด เรื่อง การ วาง แผน งาน อีก รอบ ได้ ไหม คะ เมื่อ กี้ น้อง ฟัง ไม่ ทัน ค่ะ
166,แม่ ขอ เงิน หนู ได้ ไหม คะ สัก สอง ร้อย วัน นี้ นัด ค่ะ พวก ไป กิน หมู กระ ทะ กัน
167,เมื่อ วาน ไป เที่ยว หา คุณ ยาย เสริฐ ที่ โรง พยาบาล มา ดู หน้า ดู ตา เขา สี ชื้น ขึ้น มา จาด เยอะ นะ ดู น่า จะ หาย ไม่ น้อย
168,แล้ว อา หาน การ กิน ข้าว ต้ม ข้าว หนม ละ มี เสร็จ คา น้ํา หญ้า น้ํา ยาด ด้วย เตรียม ไว้ แล้ว หรอ
169,เด็ก มัน ทํา งาน มา เหนื่อย ปล่อย มัน นอน ไป เถอะ อย่า ไป ไผ่ มัน เดี๋ยว มัน จะ เคี้ยด ให้ เสีย
170,สงกรานต์ นี้ วัด บ้าน เรา จะ มี งาน สืบ คิด ตา หลวง นะ ขอ แรง พ่อ แม่ พี่ น้อง บ้าน เรา มา ช่วย กัน ห้าง กัน ดา ของ ที่ วัด นะ
171,วัน ที่ สิบ กว่า เดือน หน้า เรา ไป เที่ยว อร่อย ปาง ด้วย กัน นะ ไม่ ได้ เที่ยว ด้วย กัน มา นาน แล้ว
172,ใบ จะ นาง พอ เอา มา ตรง มัน จะ ได้ น้ํา ออก มา สี เขียว หลืบ พึ่ง ไว้ แล้ว พ่อ หมอ เขา จะ เอา ไป เข้า ยา อีก หน่อย หนึ่ง
173,มาก เปิด พัด ลม สอง ตัว แล้ว นะ เหงื่อ ยัง ไหล เป็น น้ํา อยู่ คน ขี้ ร้อน นี่ อยู่ ยาก จริง นะ
174,ไป กัน ได้ ละ เธอ อย่า พูด กัน นาน ครู่ เดี๋ยว จะ มืด เขือ เสีย ก่อน งาน จะ ไม่ เสร็จ
175,เรา ใช้ ชีวิต ด้วย กัน ใน ห้อง เจ้า น้อง หน่อย หน่อย พอ กับ รัง หนู แถว แถว โต๊ะ บิล เลียด ขน ส่ง สาย ใต้ เดือน แล้ว ห้า ร้อย ถึง หก ร้อย บาท
176,วัน นี้ ครู ให้ ทํา ข้อ สอบ ร้อย ยี่ สิบ ข้อ ชั่ว โมง ครึ่ง เรา ทํา ไม่ ทัน สิบ กว่า ข้อ สอบ ยาก เกิน ไป เวลา ก็ ไม่ พอ
177,ผม กับ เพื่อน เดิน ไป มา ตาม ริม ฟุต บาท ย่าน บาง ขุน พรหม กํา ลัง ตัด สิน ใจ เลือก โรง แรม มา คู่ เลย เรา ก็ ตัด สิน ใจ ยาก ว่า จะ เอา โรง แรม ไหน
178,ข่าว พยากรณ์ อา กาศ แบบ ที่ มี เอกลักษณ์ เป็น ของ ตัว เอง ทํา ให้ คน ไทย สน ใจ สภาพ ดิน ฟ้า อา กาศ เยอะ ขึ้น ครับ
179,วัน นี้ ตา ถูก หวย อยาก กิน อะ ไร ก็ บอก นะ กุ้ง เผา ปลา เผา ปลา หนึ่ง ไม่ นะ จะ ซื้อ มา เลี้ยง
180,พี่ คํา พา ลูก ภรรยา ไป เที่ยว งาน เครื่อง ไบเทค บาง นา เดิน ไป ก็ หิว ข้าว เลย ไป ซื้อ พิซ่า มา คน ละ ชิ้น
181,ครูบา สี วิ ชัย ที่ เท้า ดอย ทาง ขึ้น ดอย สุเทพ พี่ เคย ไป เที่ยว ก็ ส่วน น้อง นาน ไป อีก
182,ได้ ยัง ไง กิน เล็ก เล็ก เล็ก ไม่ ทัน กิน แล้ว โกรม ใส่ ซ้า เอา กระ ดู เขา ก็ ทํา กัน ทั้ง บาง ได้ ที เป็น สี่ ห้า ซ้า
183,เข้า พรรษา พี่ นี้ ชาว บ้าน พา กัน ทํา เทียน หล่อ เทียน แห่ ไป บูชา ที่ วัด เป็น มัง ละ ยาม เข้า พรรษา
184,ฤดู หนาว เมื่อ ไหร่ คน ทาง ใต้ เขา มา เที่ยว เชียง ใหม่ เยอะ มาก บน ดอย รถ ติด มาก
185,ลูก สาวก เป็น ลูก หลาน ใคร ยาย ไม่ เคย เห็น หน้า ไป ทํา งาน อยู่ ทาง ทิศ ใต้ มา หรอ
186,นก หรอ แก พวก นี้ มัน จาก ที่ ไหน มา กัน หา นั่น บิน มา ยาบ อีก แล้ว นั่น ก็ มา กิน จน โมย ตํา พวก นี้ น่ะ
187,ต้น ฉําฉา ที่ บ้าน ลุง ชัย อะ ไร มา ใหญ่ มาก ตัด กิ่ง มัน ออก ก็ ดี นะ กลัว มัน โค่น ใส่ บ้าน
188,ซอ กัน ประ มาณ สนุก สวย กัน ดี อัน ว่า มี ลม พัด ผาม ซอ ล่ม ขํา ที่ ดี ไม่ มี ใคร ได้ รับ บาด เจ็บ เลย อะ ไร
189,อย่า ดี อิน ดู เขา สม พวก ที่ ไม่ เคย ช่วย ไม่ เคย หา เขา จะ ว่า อิน ดู เขา สงสาร เรา จะ พุธ
190,วัน นี้ คน ไม่ หลาย เดิน ไป ก็ ได้ เพื่อน เคย เล่า ให้ ฟัง ว่า มี แพนด้า ด้วย อยาก เห็น มาก เลย
191,วัน พรุ่ง นี้ แม่ จะ ไป ดํา ขาย ยาย ว่า จะ ไป ซื้อ ของ อะ ไร ให้ แก ดี เนี่ย
192,วัน ก่อน เพื่อน ของ เขา ไป พัก บน เขา กลาง เท้นท์ อยู่ บน ดอย ที่ จัง หวัด น่าน เขา บอก ว่า จะ เข็ด ขนาด แล้ว
193,ก็ บอก แล้ว สิ ว่า อย่า ไป ซอย นั่น หมา เยอะ ดู มัน วิ่ง ตาม รถ นั้น อีก ดี รถ ก็ จะ ทํา อย่าง ไร น่ะ
194,วัน นี้ ฉัน จะ ไป กิน ข้าว ที่ ไหน กัน ฉัน บอก ว่า ไป กิน ข้าว ที่ ตลาด ฝาย หิน กัน ไหม
195,เด็ก เดี่ยว มัน ดื้อ กัน เยอะ ขี่ รถ ขึ้น ล่อง ขึ้น มา มา คง ต้อง เอา ไป บวช ที่ วัด ละ มั้ง
196,วัน พรุ่ง นี้ พา ยาย ไป โรง พยาบาล หน่อย นะ ปวด มาก มาก จะ ไป ให้ หมอ ดู มัน เป็น อย่าง ไร
197,ผู้ ใหญ่ บ้าน เขา พูด ไว้ ที่ วัด ว่า ถ้า พ้น จาก ปี ใหม่ มือง เกือบ หน่อย เขา จะ ทํา สืบ จ๊า หมู่ บ้าน เรา นะ
198,วัน นี้ ทํา ไม มา หนาว จริง หนาว ว่า ปี แล้ว ยัง ไม่ หนาว แบบ นี้ แทบ ผ้า เท่า ไหร่ ก็ ไม่ พอ
199,ครู ถาม โบ ว่า เมื่อ วาน ไป ไหน ไม่ มา เรียน หนัง สือ ทํา ไม ไม่ พูด เป็น อะ ไร นั่ง ดาก ก็ ชื่อ หื้อ
200,วัน นี้ เรา ขอ ขอ อาบ คุณ พ่อ แม่ พี่ น้อง ทุก ผู้ ชุ่ คน นะ ที่ ได้ มี ช่วย การ ช่วย งาน ทํา ความ สะ อาด วัด สาม วาน บ้าน เรา
201,อย่า ได้ เดิน มา แถว นี้ นะ หมด แดง ไฟ เต็ม เลย เดี๋ยว พ่อ จะ เอา ยา มา พ่น ก่อน
202,แกง ขนุน ร้าน พี่ พร ตลาด ประ ตู เชียง ใหม่ เขา ว่า ดี จับ พริก จับ เกือบ ดี แท้
203,จะ ขี่ มอเตอร์ไซค์ ไป ที่ ไหน ทาง ไหน ตอน นี้ จะ ไป ลืม สุบ หมวก กัน น็อก นะ ตํา รวจ เค้า กวด ทุก ที่
204,ได้ สิ พี่ สม คิด อยาก ไป ตลาด บ้าน เหนือ อยู่ เหมือน กัน ลุง พ่อ เขา ฝาก ซื้อ ฝ้าย คลาด มาก เลย จับ
205,ยาย คะ กลาง ค่ํา นี้ เย็น มาก เลย นะ อย่า ลืม จุด ผ้า ห่ม นะ นะ ตอน จะ หลับ ค่ะ
206,วิ่ง เล่น กับ เพื่อน เมื่อ วาน เรา พระ เลิด แล้ว หัว เข่า ไป เรียบ กับ ถนน หัว เข่า ถึง หมด
207,ถ้า ใช้ แป้ง ฝุ่น ประ ดาย จะ ติด ตาม อาบ เสื้อ แล้ว ก็ ที่ อื่น อื่น ให้ เรา ไม่ สบาย ใจ รอ ใส่ ชุด ดํา หัน ได้ ชัด
208,ไป ทาง ไหน ก็ มี แต่ คน จัง เด็ก ไป ไหน ก็ มี แต่ คน นั่ง เล่า สวย เหนื่อย ใจ จริง
209,ผู้ ใหญ่ บ้าน เจอ ตลาด เสียง ตาม สาย บอก ให้ ชาว บ้าน มา ช่วย กัน ทํา ความ สะ อาด วัด พรุ่ง นี้ เขา จะ มา ทาน กฐิน
210,ค่อย ขยะ ออก นะ ระ วัง พวก งู งู เงี้ยว ขี้ยว ขอ แดง จัก เข็บ แมลง สาบ ด้วย
211,อยู่ ที่ บ้าน มัน ก็ ทํา ไม มา เบื่อ มาก ขนาด ไป หา ที่ เที่ยว ไหน ให้ สนุก อก สนุก ใจ ดี
212,ลูก ลอง ไป คอย หา ลุง ที่ บ้าน ให้ แม่ หน่อย สิ ว่า มี บ้าน ก็ แม่ โทร หา มัน ไม่ ติด
213,เอา หนู ดี ไหม เรา แบ่ง กัน ไป หา ข้อ มูล ละ วัน พรุ่ง นี้ ค่อย เอา ข้อ มูล มา พอ กัน
214,เธอ อย่า ไป เชื่อ เขา เยอะ เกิน นะ พี่ นี้ เขา ว่า มัน เป็น คน ขี้ โก หรอ นะ ระ วัง ตัว บ้าง นะ
215,ลุง ว่า จะ นุ่ง ผ้า ท่อน ไป งาน ขึ้น บ้าน ใหม่ เพื่อน ไป มี รีบ จก ออก จาก เร็บ ได้ ยิน เสียง ดัง คุวาก เอา มา ดู เป็น รู้ โค้ โหว้ เอ้อ ได้ ไป หา ซื้อ ผืน ใหม่ มา อีก ล
216,มี คน บอก ว่า เธอ ก็ ขโมย ของ ใน เซ็ว่น มา ใคร บอก ให้ แก ทํา จะ งั้น อะ ไร มา ไม่ ดี แท้ ว่า อยาก ติด หรอก ค่า
217,ตอน นี้ สิ อะ ไร มัน ก็ แพง เมื่อ ก่อน คํา บาท แล้ว ห้า ร้อย หก ร้อย ตอน นี้ บาท ละ หมื่น สอง หมื่น
218,อา จารย์ ให้ ส่ง งาน วัน นี้ ก่อน สี่ โมง เย็น ตัว ทํา แล้ว ยัง ค้าง อีก เยอะ อยู่ ไม่ รู้ จะ ส่ง ทัน ไหม
219,ยาย จันทร์ บ้าน ข้าง เรา นี่ ตก บัน ได้ เมื่อ วาน ตอน นี้ จาก โรง พยาบาล ยัง ไม่ รู้
220,พอ ถึง ช่วง ปี ใหม่ เมือง ผู้ ชาย ตาม บ้าน เรา เขา ก็ จะ มา เจอ กัน มา ช่วย กัน ทํา แกง รัง เล อร่อย ดี มาก
221,พ่อ วัน นี้ ตอน เย็น โรง เรียน เลิก แล้ว ไม่ ต้อง มา รับ นะ จะ อยู่ ทํา งาน กับ เจ้า พวก ที่ โรง เรียน ก่อน
222,เวลา เรา ไป กิน ข้าว ที่ บ้าน ยาย จะ ให้ เรา นั่ง ใต้ แล้ว ก็ นั่ง ทํา ตั้ง หวาย กิน
223,พรุ่ง นี้ แม่ ว่า จะ ทํา แกง ผัก ปัง ไป ใส่ บาตร ที่ วัด วาน ไป เก็บ ผัก ปัง ข้าว รั้ว ให้ แม่ หน่อย เลย
224,เธอ ไป ทํา อะ ไร มา น่ะ แผล ทํา ไม มัน ถึง ขนาด ออก อย่าง นี้ ไป หา หมอ โรง พยาบาล นู่น เลย มัน จะ ได้ หาย เร็ว เร็ว
225,ลูก ไป ทํา อะ ไร มา นั่น ดู สิ ขา หมอง ไป หมด ไป ดู ไป อาบ น้ํา ไว เรียว พ่อ มา เห็น จะ เอา ไม้ เรียว มาก เลย
226,คน เรา ต้อง รู้ จัก ขยัน ทํา งาน นั้น มัน ยัง มี เงิน ได้ อย่าง ไร มัว แต่ ขี้ เกียจ สิบ ปี ก็ ไม่ รวย
227,ไป แล้ว คะ รีบ กลับ ไป ทํา อา หาร เย็น กัน บอก ว่า ทํา อา หาร แล้ว ช่า สามี หนู จะ เดือด เกียจ ฟัง มัน บ่น ชาย
228,หมุน วิทยุ ให้ ยาย หน่อย สิ เมื่อ วาน เอา มือ ไป พัด ใส่ มัน หมุน ไป อยู่ คลื่น ไหน ก็ ไม่ รู้
229,วัน นี้ ทํา งาน บ้าน นะ แม่ คง จะ ไม่ ได้ ไป หา ยาย กับ แม่ แล้ว ไว้ เขา ค่อย ไป วัน อื่น เอา
230,นี่ มัคนายก ทุก คน นี้ ผม ทํา ขึ้น มา เขา ว่า เขา ใช้ เล็ก ปลาย ดาบ มา ตี เล็ก เหล็ก คม อีก สนิม ไม่ กิน ใบ ติด เลย ด้วย
231,โทร หา ไม่ รู้ กี่ สาย ก็ ไม่ มี ใคร รับ ไม่ ใช่ ลืม โทรศัพท์ ไว้ ที่ บ้าน เสีย มั้ย
232,วัน นี้ คุ่ม แม่ บ้าน บ้าน ศรี เนี่ย ทํา น้ํา ชา ละ นาว มา เลี้ยง ใคร อยาก ก่อ ไป ตัก เอา คน เดียว นะ
233,ลุง ตา ครับ ประ ยาง รถ ให้ ผม หน่อย สิ ครับ ยาง รถ ผม รั่ว คง จะ โดน เหล็ก กน
234,ลูก สาว มัน เอา รถ ไป ก้น ที่ ต้น ฉําภา เมื่อ วาน วัน นี้ เลย ว่า จะ ไป ส้อน ขวัน ให้ มัน เสีย หน่อย
235,เมื่อ กี้ ไป บ้าน สม ศรี มา เหนื่อย มาก อา หาร บ้าน ดู อย่าง เขา วง กต ขี่ รถ รอบ ตั้ง ยี่ สิบ รอบ สิ ไม่ ถึง สัก ที
236,พรุ่ง นี้ เขา มี งาน ส่ง การ ทาน ปวด พระ เจ้า วัด เจดีย์ หลวง เห็น ว่า ท่าน จัด งาน ใหญ่ มาก เลย ฉัน ว่า จะ ไป ดู อยู่
237,คน หนึ่ง ก็ ดี กับ เรา มาก อีก คน หนึ่ง ไม่ ค่อย ดี เท่า ไหร่ แต่ เรา ก็ ชอบ ฉัน มาก เรา จะ ทํา อย่าง ไร ดี
238,ไป เมือง จีน ที นี้ ได้ ไป เที่ยว สาม เมือง ก่อน มี ปัก กิ่ง คุณ หมิง แล้ว ก็ เฉิน ตู เป็น เมือง ที่ น่า ไป เที่ยว มาก
239,พี่ กับ พวก พา กัน ไป เดิน เที่ยว ขึ้น ดอย สุเทพ เหนื่อย เลย เหนื่อย ว่า เพราะ ดอย สุเทพ ตั้ง อยู่ สูง เยอะ แก
240,เดี๋ยว อะ ไร ก็ แพง ไป ซื้อ เนื้อ ใน ตลาด จะ เอา มา ทํา ลาบ หมด เป็น ร้อย เมื่อ ก่อน ซื้อ ยี่ สิบ บาท เต็ม หน้า เขียง
241,ถ้า ใคร จะ ออก ไป ข้าง นอก แม่ ขอ ฝาก เสื้อ ไป ให้ ร้าน ลยิบ ผ้า น่อย นะ เสื้อ ปุด ที่ แขน นั้น น้ย
242,เวลา ใส่ เสื้อ ขาว ให้ ใส่ เสื้อ หลอง มับ ทาง ใน ด้วย นะ ไม่ งั้น มัน จะ เห็น ทาง ใน มัน ไม่ ดี ไม่ เรียบ ร้อย เข้า ใจ มั้ย
243,คน แก่ ชอบ ด่า ชอบ ว่า ให้ ลูก หลาน ก็ เพราะ ว่า เขา รัก ฉัน ห่วง พวก เธอ นะ
244,นี่ พี่ จุน นะ เขา เป็น คน กรุง เทพ เขา มา ทํา งาน ที่ บ้าน เรา มา ถ่าย รูป วัด เก่า ตาม หมู่ บ้าน เรา นี่
245,งาน บ้าน เรา ปี นี้ มี ทั้ง สอง เก มี ทั้ง ซอ ตอน กลาง คืน ก็ มี อร่อย อีก
246,ตั้ง ใจ ร่ํา เรียน นะ ลูก ไม่ ต้อง มา ทํา ไร่ ทํา สวน เหมือน พ่อ มัน เหนื่อย ไม่ พอ กิน
247,หญ้า พวก นี้ วิ่ง เลิ้ก เอา ขอ บก กระ จัด ไป แรง แรง หรือ ไม่ ต้อง ถ้า หาก มัน ยัง อยู่ เดี๋ยว สัก หน่อย มัน ก็ จะ งอก ออก มา ใหม่
248,ถ้า ชาว พวก เธอ จาก กรุง เทพ มา เที่ยว เชียง ใหม่ เธอ จะ พา เขา ไป เที่ยว ที่ ไหน บ้าง เหรอ
249,เบื่อ ดอย อินทนนท์ แล้ว มี ดอย ที่ ไหน น่า ดี เที่ยว บ้าง ช่วง นี้ อยาก เดี๋ยว ขึ้น ดอย ไป ตั้ง แค้มป์ ไป นอน ดู ดาว เล่น
250,วัน นี้ ที่ วัด พระ สิงห์ เรา จะ มี งาน บวช นะ พระ ใหญ่ หมด ตา ใส กัน มาก
251,พี่ กํา ลัง หา เสื้อ อุ่น จะ เอา ไป ให้ ลูก ชาย อยาก ได้ ตัว ใหญ่ ใหญ่ สัก ตัว สอง ตัว
252,เธอ เขา ว่า เรา รับ ผลไม้ มา ขาย ดี ไหม อย่าง มะ เต้า เงียบ หนัด มาก เลย ดี ไหม
253,มี ร้าน ส้ม ตํา มา เปิด ใหม่ ที่ ข้าง โรง เรียน เขา ลอง ไป ชิม มา เมื่อ วาน อร่อย มาก เลย
254,เธอ เป็น อะ ไร ก็ หน้า ทํา ไม มา ซีด มาก บอก ว่า ไป หา เหมอ มั้ย เดี๋ยว ฉัน ขับ รถ ไป ส่ง เลย
255,ดู ลูก แม่ ศรี จันทร์ ริม รั้ว นี้ สิ สอบ ได้ หนึ่ง ตลอด ทํา ไม วัน เหน็ด นี้ จริง
256,สวัสดี ครับ ผม อยาก ได้ ที่ นั่ง ว่าง สัก สี่ ที่ ไม่ รู้ ว่า พอ มี เหลือ บ้าง ไหม ครับ
257,ถ้า เธอ จะ ไป สัน ป่า ตอง เธอ ต้อง นั่ง รถ เหลือง ทุ่ง เสี้ยว ที่ ประ ตู เชียง ใหม่ นั่น นะ
258,เธอ ซิ่น นี้ ซื้อ ทาง ไหน มา นี่ ทํา ไม สวย เกิน นะ แพง มั้ย หา พา เค้า ไป ซื้อ หน่อย ได้ มั้ย
259,ป้า ใจ ได้ เธอ ฟรี ไป นิวยอร์ก ไหม เลย ไป อยู่ กับ ลูก เข็ม ขัด หนึ่ง ก่อน จะ ไป ล่อง เรือ สํา ราญ
260,นั่น แหละ งาน เยอะ มาก วัน หยุด ก็ ไม่ มี ให้ เหนื่อย ใจ จน ไม่ อยาก ออก ไป ไหน
261,เอา แก้ว น้ํา วาง ไว้ หมิ่น ก็ เดี๋ยว ก็ เอา มือ ไป พัด ตก แตก เสีย อย่าง เห็น ทํา ใย เชื่อ แก้ว ซื้อ มา แพง พร้อม
262,แม่ ถือ ลัง ห่อ นึ่ง เนื้อ ไก่ ดา ของ เตรียม จะ ไป วัด พรุ่ง นี้ เป็น วัน พระ แรม แปด
263,นี่ เธอ ดู นี่ สิ เข้า มา วัด เดี๋ยว ไม่ ฉาย ขน มอง กลับ มา จาก วัด นี่ เขา มี อะ ไร หรือ เปล่า
264,วัน พรุ่ง นี้ จะ มี ประ ชุม คณะ สงฆท กัน ที่ วัด พระ ธาตุ ศรี จอม ตอง เห็น พระ เห็น เณร ช่วย กัน เตรียม งาน นั้น
265,วัน นี้ ไอ่ ฟลุ้ค มัน ไม่ มา โรง เรียน นะ เมื่อ วาน มัน โดน ครู เดือด ให้ มัน วัน นี้ เลย ปวด หัว
266,สมัย ก่อน ก๋วย เตี๋ยว ถ้วย สี่ ห้า บาท ตอน นี้ สิ นู้น เครื่อง อย่าง เดียว กัน บาง ที่ ขาย เป็น ร้อย
267,ลูก ไป เปิด ที วี ให้ ยาย หน่อย มอ แม่ อยาก กร้าว บ้าน เมือง ว่า เขา เป็น ยัง ไง บ้าง ละ
268,วัด มุน จอม ทํา เป็น วัด ใหญ่ พระ จํา อํา เภอ มี พระ เจ้า สิบ สอง ตน กับ พะ น้อย อีก สี่ ตน
269,ใคร บอก ให้ แก ทํา แบบ นั้น อะ ไร มา ง่าว ตาย เขา ทํา อย่าง หนึ่ง ทํา อีก อย่าง หนึ่ง
270,ตอน นาน มี ข่าว ว่า น้ํา จะ ถ้วม โรก คน กลัว ตาย กัน มาก ไป ไหน ก็ ได้ ยิน คน พูด กัน ต่า เรื่อง นี้ เรื่อง เดียว
271,คน ร้าน นา เขา เชื่อ ว่า พระ พุทธรูป ยัง มี ชีวิต อยู่ เพราะ อย่าง นั้น เขา ก็ เลย มี ประเพณี ทาน เข้า ใหม่ หิง ไฟ พระ พุทธเจ้า เขา กลัว พระ คุย หนาว
272,เช้า วัน พรุ่ง นี้ ตื่น เช้า เช้า นะ ตา ยาย ยาย จะ ไหว้ คะ ที่ บ้าน มา ช่วย กัน ดา ของ หน่อย
273,ดื่ม น้ํา เยอะ เยอะ บ้าง ระ บบบ ขับ ถ่าย จะ ได้ ดี น่า จะ ได้ ใส ใส กิน น้ํา น้อย มัน ไม่ ค่อย ดี นะ
274,นาย เล่น ซึง ลูก สาม นะ เดี๋ยว เรา จะ เล่น ซึง ลูก สี่ แล้ว ให้ พี่ เขา เล่น สะ เลย แต่ ว่า จะ เอา ใคร มา เป่า ขลุ่ย น้ํา เท่า ดี เนี่ย
275,ใกล้ วัน ปี ใหม่ เมือง มา ละ เดี๋ยว มอง พวก คน มี ประ ฤกษ์ มัน จะ มา ถึง วัน มหา สงกรานต์ ก็ เอา สิบ ห้า ถอน นี้ สิบ หก
276,วัน มะ รืน เขา จะ มา มัด มือ หนู อ้อม ลูก แม่ จัน เห็น ว่า เอา คน ทาง ใต้ พู้น นะ
277,ฉัน ไม่ ได้ ขี้ เกียจ ฉัน มัว แต่ ทํา งาน จน ไม่ ได้ ทํา อะ ไร เลย ฉัน ขอ โทษ นะ
278,ประ คะ ใน วิ หาร วัด เรา ตา เคย เล่า ว่า ท่าน ชั่ว เรียน แบบ หน้า ของ แม่ หญิง สวย ใน บ้าน เรา
279,ตํา ส้ม ร้าน นี้ อร่อย มาก ฉัน เคย มา กิน หลาย ครั้ง แล้ว ชน แม่ ค้า จน จํา หน้า ได้ ละ
280,กลาง คืน นี้ เขา ไม่ ให้ ส่อง ไฟ ไป ตาม พวก ปลาย ต้น ไม้ เขา ไม่ ได้ กลัว ผี เค้า กลัว จะ เดิน ไป ข้อง อะ ไร ท้าว เดี๋ยว จะ ได้ รับ บาด เจ็บ เยอะ เหลือ เก่า
281,อ่า ลูก ออก ไป ซื้อ ของ ร้าน ป้า สม ให้ แม่ หน่อย สิ เอา ยา สี ฟัน ผง สระ หัว คอก น้ํา แล้ว ก็ ผง สัก ผ้า นะ
282,น้อง แคท ลูก สาว แม่ พิศ ตอน นี้ มัน โต โต เป็น สาว จิด ลิด หน้า ทา สวย พี่ หลี้ เสีย แล้ว นะ
283,ช่วง เทศกาล ปี ใหม่ นี้ นัก ท่อง เที่ยว จาก กรุง เทพ ต่าง จัง หวัด เขา พา กัน ไป เที่ยว ดอย กัน คน เมือง เรา ก็ นอน อยู่ บ้าน น่า สิ
284,เดิน ไป ด้วย ทาง ก็ หา ดู นก ไป ได้ ยิน เสียง มัน เรียก นะ แต่ ตัว มัน มี ไหน รู้
285,แกง กระ ด้าง ยาย ดี ที่ ขาย หน้า วัด กัน เขา ว่า อร่อย มาก ขาย จน หมด เลย
286,แม่ กิน ข้าว ก่อน นะ ถ้า ตื่น เสร็จ แล้ว ข้าว มี ใน ขัน โตก แม่ รีบ ไป ช่วย พี่ หวาน เขา เก็บ อร่อย ไย ที่ สวน
287,อยาก กิน แกง แค หอย มาก แต่ หา หอย ไม่ ได้ ไป ตลาด ก็ ไม่ มี คง จะ ได้ กิน วัน อื่น แทน
288,วัน นี้ ไม่ ไป โรง เรียน กา ครู ให้ ทํา งาน วิ ชา คณิตศาสตร์ สิบ หน้า ยาก มาก
289,กิน ข้าว ตอน แล้ว เหรอ กิน กับ อะ ไร นะ ถ้า ยัง มา กิน บ้าน นี่ ได้ นะ ทํา ไว้ หลาย อย่าง อยู่
290,เมื่อ เร็ง ผึว หนัง ชนิด หนึ่ง คน ไข้ ไม่ จํา เป็น ต้อง มา อยู่ ใน โรง พยาบาล และ ไม่ ต้อง เสีย ค่า ใช้ จ่าย ที่ ไม่ จํา เป็น
291,บอก แล้ว ว่า อย่า ใส่ พริก มาก รู้ อยู่ ว่า น้อง เป็น คน ไม่ ชอบ กิน เผ็ด ก็ ถึง พริก อยู่ นั่น ของ เนอะ
292,เมื่อ วาน ไป ดู หนัง เรื่อง ส้ม ป่อย ที่ โรง หนัง ตลาด สวน แก้ว หนัง สนุก มาก เยอะ สะ แดง ก็ หน้า ตา ดี ตัว ลอง ไป ดู นะ
293,วัน นี้ ซื้อ อา หาร มา ไว้ ให้ แล้ว นะ มี คั่ว เหล่ม ใส่ เนื้อ หมู แกง อ่อม ไก่ แล้ว ก็ ไก่ ทอด
294,ตอน นี้ เป็น ยัง ไง บ้าง คะ ที่ ว่า ปวด แข้ง ปวด ขา ยัง แควน บ้าง แล้ว หรอ คะ
295,เรือน หลัง นี้ สร่าง มาก เลย สล่า ที่ ไหน มา ทํา ให้ นี่ ฝี มือ เหน็ด มาก มาก
296,พวก เธอ อย่า ไป เดือด นัน มัน ดึก มัน ดึก แล้ว เดี๋ยว คน ข้าง บ้าน จะ ดุ เอา นะ
297,ขอ แวะ ตลาด บ้าน หลุก ให้ หน่อย นะ พี่ ร้าน น้ํา เต้า หู้ ปลา ท่อง โก๋ กับ ร้าน ไส้ อั่ว ที่ ตลาด นี้ อร่อย มาก
298,ไม้ รวก เล่ม นี้ ยาว ตรง ตรง โคตร จริง จริง จะ เอา มา ปลาง ไม้ คละ หน่อย เอ้อ ไม่ ทัน ถึง ไหน หัก คลํา ไป แล้ว ตั้ง จริง
299,อย่า เที่ยว ไหน ไกล นะ สถาน การ แบบ นี้ กลัว หรือ โรค ภัย เยอะ เป็น มา แล้ว จะ อร่อย บาก
300,เธอ ทํา ไม ร้อง เพลง เพราะ จะ งั้น พึ่ง ไป เป็น นัก เรียก มาก สวย ก็ สวย เสียง ก็ สนุก
301,พรุ่ง นี้ ตอน เช้า ว่าง ไหม ฉัน จะ ชวน ไป เที่ยว ที่ น้ํา ผู้ ร้อน สัน กํา แพง อยาก กิน ไป ไข่ ไป ต้ม
302,ค่อย ตัด หน่อ กล้วย ไม้ ทํา แรง เดียว มัน จะ หัก ถ้า ตัด ออก มา แล้ว ก็ เอา ไป ใส่ ใน พบ เอา คาบ ป้าว ใส่ ไป ด้วย
303,ฉัน เลิก กับ แฟน มา ได้ ปี ปลาย แล้ว ตอน เลิก กัน ใหม่ ใหม่ ฉัน ทํา ใจ ไม่ ได้ แต่ มา ไม่ ตอน นี้ เขา ลืม ไป หมด ละ
304,เธอ ได้ ดู ข่าว พี่ เมือร์ เมื่อ คืน ไหม แต่ หา เลิก กับ เบล แล้ว ได้ ไม่ กี่ วัน ก็ มี คน พูด ใหม่ แล้ว เร็ว เรอะ ไว ด้วย
305,ทุก วัน พระ ที่ วัด เขา จะ มี กิจ จะ กรม ตัก บาตร ตอน เช้า ใคร อยาก ไป ร่วม ก็ ให้ นุ่ง ชุด ไทย ไม่ งั้น ก็ ใส่ ผ้า เมือง ไป เขา ว่า มา อย่าง นี้
306,ป้า จันทร์ ไป แอบ เล่า สวย ป้า ดี ให้ ป้า คํา ฟัง เสีย ป้า ดี รู้ เลย ด้วย ไป เดือด ให้ หลับ บ้าน นั้น
307,อย่า ขี่ รถ ไป ตรง นั้น มัน เยอะ รู้ ไหม น้ํา มัน มัน แพง พวก เธอ ยัง หา เงิน ไม่ ได้ เลย จัก หัด ประ หยัด บ้าง
308,เห็น ใน ข่าว ว่า บน ดอย อินทนท์ อา กาศ หนาว จน พอ ติด ลบ คน นั่ง รถ ขึ้น ไป จน รถ ติด ยาว มา ถึง ล่าง ดอย
309,น้อง เป็น คน บ้าน ไหน พี่ ไม่ เคย เห็น หน้า สัก ที น่า จะ มา ทํา งาน ที่ นี่ วัน แลก ใช่ มั้ย
310,จันทร์ ดี มัน ทะเลาะ กับ สามี เมื่อ วาน ก็ ไม่ ใช่ เหรอ เห็น เขา มา เล่า ตะ เช้า เนี่ย ว่า สามี มัน เข้า บ้าน เลย ผิด กัน งี้ นะ
311,ได้ ข่าว ว่า เมื่อ วาน ตํา รวจ เขา มา จับ ลูก ป้า เป็ง ขํา บ้าน เลย นะ ไม่ รู้ ว่า ไป ทํา ไม มัน
312,เหมย จาก ไป เอา ตะ ปู เข้า มา ให้ พี่ หน่อย รีบ นะ จะ เอา มา ใส่ ข้าว เดี๋ยว ข้าว มัน จะ เย็น
313,ปี แล้ว ท่าน ไป เที่ยว ภู เขา เชียง ดาว หนาว มาก ฉัน อาบ น้ํา หน่อย เดี๋ยว ตั้ง ไม่ ได้ สระ หัว น้ํา เย็น เกิน
314,พ่อ น้อง มัว เราะ มาก เป็น อะ ไร ก็ ไม่ รู้ สี คง จะ ไม่ ค่อย ไป เอา ยา มา หน่อย ให้ น้อง
315,พอ กิน ข้าว เที่ยว แล้ว ก็ นอน เสีย ดับ ดัก สาม แส็บ ง่าย หลับ ดาย ยาม นั่ง รถ อย่าง พ่อ มัน จริง จริง
316,พี่ สาว ฉัน ทํา งาน นี่ คม ที่ ลํา พูน แต่ น้อง ชะ อม ฉัน ยัง ไม่ ได้ ทํา การ ที
317,ไป ที่ ไหน ก็ ไม่ ควร ถอด รอง เท้า ไว้ เรี่ย นะ เมื่อ วาน ฉัน ไป วัด เดิน ลง วิ หาร มา กว่า รอง เท้า ขอน เดียว
318,ตอน ได้ มา ข่าว ครั้ง แลก ใจ ไม่ ดี ตอน นี้ ทํา ไม แล้ว นึก ว่า จะ ติด โควิด ไป เสีย ละ
319,เธอ เป็น เด็ก คน ใหญ่ ฉัน ว่า ให้ ไม่ ดี ไป ไหน ไป เคี้ยด ฉัน หวัง ดี กับ เธอ
320,อย่า เพิ่ง ไป ทาง นั้น ไม่ เห็น สิ นั่น ว่า มัน มี ขี้ ไคล คู่ นะ สัก หน่อย จะ ลื่น หัว ฟาด สตาย แล้ว
321,วัน นี้ อยู่ หอ ไหม แม่ กับ ป้า ไป ทํา ธุระ ที่ เชียง ใหม่ พอ ดี จะ เอา ห่อ นึ่ง ไป ให้
322,เมื่อ คืน นี้ ฝน ตก อา กาศ เช้า เย็น ดี ผัก อยู่ ใน สวน เลย โป่ง สวย ดี มาก
323,วัน มะ รืน พระ เจ้า ให้ เด็ก นัก เรียน อ่าน ค่าว ซอ ที่ เป็น อักษร ล้าน หน่อย คน
324,โตะ นี้ ทํา ไม มัน ลูก ใหญ่ ลูก หลวง พ่อ มาก ลูก นี้ ลูก เท่า ไหร่ คะ จะ ซื้อ ไป ฝาก แม่ สัก ลูก
325,เป็น เด็ก ไม่ ดี หัด ถึง หัด ด่า คน โต หก เขา จะ ดู ว่า เธอ เป็น เด็ก เรียว ร้าว
326,ตอน นั้น ที่ เสือ ขโมย เข้า มา บ้าน เรา ใคร ก็ นึก ว่า มัน เป็น เสือ หลุด มา จาก ป่า ที่ จริง เป็น มัน มี คน ขโมย เลี้ยง ไว้
327,พ่อ ว่า จะ จ้าง ช่าง ทาง ลํา พูน มา ทํา บุญ ถือ เห็น เขา ว่า เขา เก่ง ลา คา ไม่ แพง ด้วย
328,ใคร มา ฉีด น้ํา หอม สาบ มา ตั้ง แต่ เช้า ละ ใจ ไม่ ดี ถูก กับ น้ํา หอม กลิ่น นี้
329,ผอ ออ โรง เรียน คน ใหม่ นี้ พูด ดี พูด สนุก นะ แต่ ก็ ต้อง ดู กัน ไป นาน นาน ว่า จะ ดี จริง อย่าง ที่ ว่า ไว้ มั้ย
330,ใคร ว่า ให้ หลับ ดึก รู้ ว่า พรุ่ง นี้ มี สอน อะ ไร ก็ ไม่ รู้ จัก หลับ เช้า ต้อง ปรับ เวลา งาน นอน นะ
331,เธอ ไหม พูด เกิน ไป เรา เรียก ก็ ไม่ ค่อย สนุก เท่า ไหร่ สิ คะ พวก เรา เรียก สนุก เหลือ เรา ก่อน
332,คํา ไม่ เก่า เขา ก็ ว่า จะ ไป ลื่น คน ใคร ไม่ รู้ ใคร ว่า จะ เป็น ยัง ไง ไป ทาง หน้า
333,ใคร แกง ชะ อม ที่ ไหน เช้า นี่ นี่ สิ หอม ซอด เลย อยาก กิน กับ คน เนอะ
334,ช่าง มัน เถอะ เรา เป็น คน ขยัน ทํา งาน ขยัน เก็บ ขยัน ออม วัน หนึ่ง เรา ก็ ทั้ง รวย เชื่อ พี่ เถอะ
335,เธอ ดู นี้ สิ ตัว ละคร ใน หนัง สือ เล่ม นี้ น่า อิน ดู จริง โดน เขา ทับ กระ จาย ทุราย แล้ว พญา ก็ จับ ใส่ กัง เหรอ ไป ซะ ละ นั่น
336,เมื่อ วาน ฉัน มี เลือก ตั้ง ออ บอ ตอ กัน บ้าน เรา อยู่ บ้าน เหนือ เขา ให้ เรา ไป เลือก ที่ วัด นะ
337,วัน สงกรานต์ เธอ ไป เที่ยว ที่ ไหน มา บ้าง เรา ไม่ ได้ ไป ไหน เลย อยู่ แต่ บ้าน เลี้ยง ลูก นิด
338,วัน พรุ่ง นี้ แม่ จะ ไป เที่ยว ลํา พูน ใคร อย่า มา จาก เช้า บ้าง นะ เดี๋ยว ไป สาย รถ จะ เยอะ
339,น่า คุย พ่าน ผัว ไม้ ท้าว นั้น จริง ตอน คน เดิน ข้าม ดู มัน ไหว ลง กลัว มัน หัก กลาง ปล้อง โธะ
340,มะ เขือ เทศ นี้ ขาย อย่าง ไร คะ แบ่ง ขาย เป็น ลูก ก็ หรือ ว่า ขาย คํา กิโล เลย คะ
341,วัน นี้ พระ สอน เขียน ประ มาณ สาม สิบ สาม ตัว ต้อง เฝิก เขียน บ่อย บ่อย ถึง จะ เขียน สวย
342,เอ รอง เท้า คู่ นี้ ทํา ไม มัน ยัง ไง ล่ะ สุบ ไป สูบ ไป ก็ ถอง ไป เรื่อย เรื่อย เสีย คง ได้ เอา ทิ้ง ซื้อ อีก ใหม่ แล้ว มั้ย
343,อย่า เพิ่ง กลัว กับ สิ่ง ที่ ยัง ไม่ เกิด ที มัน ไม่ มี พระ ยี่ ช่วย นะ มัว แต่ กลัว ก็ มี แต่ ตัว ฉัน ที่ ทุกข์ เชื่อ ท่าน นะ
344,พรุ่ง นี้ เขา จะ ไป ทํา งาน ใน เมือง แล้ว นะ อย่าง ไร ก็ ฝาก ดู ยาย กับ ลูก ให้ ด้วย นะ
345,วัน มะ รืน โรง เรือน หยุด ไหม ถ้า หยุด ไป ช่วย แม่ ขน ของ ที่ ตลาด หน่อย เดี๋ยว ให้ เป็น เงิน
346,วัน นี้ ลูก เอา รถ จักรยาน ไป โรง เรียน ก่อน นะ ตอน นี้ รถ เครื่อง พ่อ มัน หลัง
347,ไม่ ไหว ไม่ ไหว เขียว ลูก นี้ เลย เถิด ขนาด นั้น ใคร จะ เอา ไป สุบ ก็ เอา ไป สุบ เถอะ เรา จะ ใช้ หมวก แก๊ป เนี่ย แล้ว
348,ยุค สมัย นี้ หา ดู ยาก ละ เด็ก เขา ไม่ อยาก นุ่ง ผ้า พื้น เมือง สิ้น เมือง กัน แล้ว
349,แม่ ค้า วัน จะ ทํา ไม มา ช้า เรา นั่ง รอ ตั้ง นาน กว่า จะ มา เรา พอ จะ เดิน กลับ บ้าน แล้ว นะ
350,กาง เกง ผืน นี้ ผืน เท่า ไหร่ คะ มี เเอว อะ ไร บ้าง คะ คะ เอว สาม สิบ ครึ่ง มี มั้ย คะ
351,เมื่อ คืน ดู บอล แมน ยู แข่ง กับ ลิเวอร์พูล แมน ยู เกียจ ทั้ง ห้า ต่อ ศูนย์ อยาก เอา มา ปี๊บ ควบ หัว มาก เลย
352,นี่ สิ เหรอ ไม่ น่า เชื่อ ว่า มัน จะ เป็น คน แบบ นั้น ก็ เห็น มัน ทํา งาน ทุก วัน ก็ นึก ว่า มัน เป็น คน ขยัน
353,เมื่อ วาน ไป เที่ยว เชียง ราย สนุก ไหม ได้ ข่าว ว่า วิ่ง สุด ทาง หน่อย นี้ ก็ กิน ยา แก้ มัว ไป ด้วย นะ
354,อย่า กิน ลาบ ดิบ นะ เมื่อ วาน ฟัง ข่าว เขา บอก ว่า มี คน กิน ลาบ ดิบ แล้ว หู ดับ
355,ตื่น เช้า จริง นะ วัน นี้ จะ พา กัน ไป เที่ยว ที่ ไหน ขอ ให้ เที่ยว สนุก กัน นะ
356,ลูก นี้ พิมพ์ เอก สาร เก่ง จริง ครู่ เดี๋ยว ได้ สิบ ตั้ง ยี่ สิบ หน้า ละ
357,เวลา เอา รถ เข้า ไป จอด ใต้ ต้น ไม้ ก็ ดู ให้ มัน ดี ดี กลัว กิ่ง ไม้ มัน จะ คลุย ลง มา ใส่ รถ มัน จะ เปลือง ค่า ซ่อม แต่ อะ ไร อีก เยอะ
358,ผม มี น้อง คน หนึ่ง ใหญ่ มา ด้วย กัน นี่ เอง นี่ มัน ไป ทํา การ ได้ ดิบ ได้ ดี มี บ้าน มี รถ เป็น ของ ตัว เอง ละ
359,ลุง โต รีบ มา จาก บ้าน ท้าย ซอย เพราะ ได้ ยิน เด็ก รับ เสียง ดัง รีบ ไป จน สุบ รอง เท้า ผิด ขอน
360,วัน พรุ่ง นี้ มี นัด ก็ หมอ นัด เขา ให้ ไป อุด เข้ว ที่ โรง พยาบาล เขา ว่า จะ ขอ เธอ ให้ ไป ส่ง ฉัน หน่อย
361,ตอน นี้ โควิด ระ บาด เยอะ มาก อย่า ลืม ใส่ แมส ล้าง มือ บ่อย บ่อย นะ ครับ ไม่ ได้ เป็น หมอ แต่ เป็น ห่วง
362,พี่ จันทร์ วัน มะ ว่าง ไหม คะ หนู ว่า ขอ แรง พี่ ช่วย น้อง ทํา ของ กิน เลี้ยง หน่อย นัน ที่ เขา มา ประ ชุม กัน
363,ป้า หอม วัน นี้ ไม่ พงษ์ อยู่ บ้าน ไหม ว่า จะ ชวน มัน ไป หา ซื้อ เนื้อ ควาย มา ลาบ
364,ลูก จํา ไว้ นะ ไม่ มี ใคร รัก ลูก เท่า พ่อ กับ แม่ แล้ว ลูก ไม่ ต้อง เสีย ใจ ถ้า ไม่ มี ใคร รัก ลูก
365,งาน ที่ วัด บ้าน เรา ทํา ทุก ปี ไหม นะ มี งาน แห่ ไม้ ค้ํา ห่ม ผ้า พระ ธาตุ ทาน กลวย สลาก แล้ว ก็ อีก หลาย อยู่
366,เมื่อ คืน น้อง ได้ ดู หนัง ที่ ดิว แสดง ก็ น่า รัก มาก พี่ ดู ไป ยิ้ม ไป
367,ปี นี้ พระ วัด เรา มี ห้า ต้น พระ ใหม่ สาม ตัน อีก สอง ตน มาก กว่า ปี แล้ว
368,ตก กลาง คืน งู ก้าน ป้าว เข้า บ้าน ตา อิน ตา ใจ เค้า เปลือก หาง ฟาด งู ลง พื้น
369,ตอน กลาง เช้า คน มา จ่าย ตลาด เยอะ จริง เยอะ ว่า หนาง ทาง เดิน นี่ แหละ ไม่ มี ต้อง ได้ แอบ กัน ไป นั่น แหละ
370,จริง หรือ เปล่า กิน อา จารย์ นี่ เค้า ว่า น้ํา บ้าน ติด วัด เรา คน กิน แล้ว หาย ประ ยาด งี้ เหรอ
371,ไป ควี มัน เข้า แท้ว แท้ว นะ มัน โกรธ ขึ้น มา จะ ได้ จด ลูก กุย ก็ หน่อย นี้ แล้ว
372,นึก ถึง สมัย น้ํา ท้วม นะ ขน ของ ไม่ ทัน ของ กิน ของ ใช้ เสื้อ ผ้า ขาว ม้า เสีย แล้ว จน หมด
373,สมัย พุทธกาล เวลา ท่าน จะ นิ มนต์ พระ พุทธเจ้า มา เขา ก็ จะ เอา เครื่อง ซัด เครื่อง ปู มา เตรียม ประ ดับ ตก แต่ง ไว้ อย่าง ดี
374,บอก น้อง ว่า ค่อย ค่อย เดิน จะ ไป รีบ เกิด ท้า ขึ้น มา ขา เป็น แผล ขา จะ ลาย นะ
375,เธอ เห็น ฉัน ไป ที่ ไหน ด้วย กัน เหรอ เธอ ไม่ เห็น เธอ จะ ไป ว่า ให้ ฉัน เดี๋ยว ฉัน จะ ไหม หัว
376,ฝน ก็ ตก ฟ้า ก็ เรียก ไฟ มา ดับ อีก ครึ้ม จมูก ดู หา อะ ไร เพิ่ม ไม่ เห็น
377,รุ่ง ตัว นั้น บิน ชวาด ไป อีก มา หลาย รอบ แล้ว ไม่ ใช่ จะ มา จับ ไก่ น้อย ไป กิน อีก ละ มั้ง
378,ตัว นี้ ร้อย มา ลัย สวย เนาะ แล้ว ก็ ทํา ไม เธอ ทํา มา นาน แล้ว หรอ เนี่ย ทํา ไม ไม่ เห็น ทํา ไป ขาย บ้าง
379,จริง เหรอ เรา อยาก กิน ขนม จีน มาก ที่ บ้าน ไม่ ค่อย มี ขาย นั้น วัน ไหน เธอ มา เมือง ซื้อ มา ฝาก เรา ด้วย นะ
380,วาสนา เรา เกิด ได้ แม่ ค้า ตลาด ตอน เย็น ขาย เข้า ขาย แกง มี ทั้ง ผัก มี ทั้ง ปลา ซะ พอ
381,ไป ไหน มา แม่ โทร หา ทํา ไม ไม่ รับ ขโมย ไป เที่ยว มา เหรอ เด็ก วัง ตัว ให้ ดี นะ ล่ะ วัง พ่อ จะ รู้
382,ฉัน อย่า ตลาด นัด เธอ จะ ฝาก ซื้อ อะ ไร ก็ สามี เธอ อยาก ได้ อะ ไร จะ ได้ ซื้อ มา ให้
383,หา ที่ ไว้ รอง เท้า ดี ดี นะ วัน นั้น เรา ถอด ไว้ หน้า วิ หาร ใคร มา สับ ไป ก็ ไม่ รู้
384,หน้า หนาว นี้ คุณ ยาย หม่อน จะ ทํา เข้า หลาม ให้ เรา กิน ข้าว หลาม คุณ ยาย หม่อน อร่อย มาก หอม ทั้ง กะทิ ทั้ง ใบ เตย
385,ถ้า รัฐบาล ชุด นี้ เขา บริหาร งาน เป็น กัน บ้าน เมือง เรา ก็ น่า จะ พัฒนา แล้ว ก็ เชริญ ไป กว่า นี้ เยอะ
386,เธอ เคย ฟัง เพลง นี้ ไหม พี่ ว่า มัน สนุก ดี เนื้อ หา ดี ทํา นอง ก็ เพราะ จัง จาก แค่ ร้าย แทบ จน ดี
387,เดี๋ยว ไป ซื้อ ปลา ที่ ตลาด ก่อน ค่อย มา แวะ ซื้อ หอม ขาว ที่ เนี่ย จะ ได้ ไม่ ต้อง ขี่ รถ ไป มา มา ไป มา ล่อง
388,ตอน เย็น นี้ เรา ไป วิ่ง ที่ สนาม กี ฬา กัน ไหม ไม่ ได้ ออก กํา ลัง ผ่าน นาน แล้ว
389,สมัย ตา เป็น บ่าว บ้าน เมือง เรา ไม่ มี ไฟ ฟ้า ไป ไหน ต้อง แถว โคม ไป
390,ใคร เอา ขนม เข้า มา ใน ห้อง อยู่ หมด ไต้ เต็ม ถุง ไป เอา ไป เที่ยง ออก ข้าง นอก นู่น เดี๋ยว มัน จะ แตก ขัด ราด แจ เต็ม ห้อง
391,ถ้า ไป ตลาด ตอน เย็น ฝาก ซื้อ มะ เต็ม มา หน่อย นะ ลูก สัก สอง กิโล เอา มา สาม ลูก
392,อยู่ บ้าน เฉย เฉย ทํา ไม มัน ถึง เหงา จริง นั่ง อยู่ เฉย เฉย ก็ คิด ถึง เมื่อ ก่อน คิด ถึง เพื่อน ฝูง ขนาด นี้
393,ตอน นี้ ฉัน จะ ต้อง ทํา ความ สะ อาด บ้าน ก่อน เพราะ ว่า ตอน เย็น จะ มี แขก ที่ บ้าน ถ้า ไม่ ทํา ความ สะ อาด บ้าน มัน ก็ จะ รก ทํา เขา
394,คิด ถึง พ่อ มาก นะ ถ้า ลูก ได้ กลับ เชียง ใหม่ ลูก จะ ซื้อ เสื้อ ใหม่ ให้ พ่อ นะ จะ ซื้อ ผืน สวย ให้ เลย
395,หยุด เอี่ยม ป่า เที่ยว ภู เขา กลาง ขนาด นี้ มา เข้า วัด ทํา บุญ เสีย บ้าง จะ ได้ มี บุญ กับ เขา บ้าง
396,เอา เงิน พวง มา ลัย ไป หนึ่ง ร้อย บาท เอา ไว้ กิน ขนม แต่ พวง มา ลัย ไม่ ถ้า เอา ให้ นะ เก็บ ไว้ ขาย ดี ละ
397,อย่า เพิ่ง กิ่ง ไม่ มุด แรง ก็ เดี๋ยว ลูก ที่ มัน ยัง ไม่ สุก จะ อด ทิ้ง ออก จาก ทิ้ง หมด จะ ไม่ เหลือ ไว้ ให้ กิน วัน รูน นะ
398,พี่ ค้า ซื้อ ของ แล้ว นี่ ได้ ปลา ดุก ปิ้ง ตํา ขนุน ยํา เนื้อ ไก่ เอา ไป กับ ข้าว หลาน ที่ บ้าน
399,ตอน เย็น แม่ จะ ไป เยี่ยม เพื่อน ที่ สารภี ไม่ ต้อง คอย นะ แม่ จะ ทํา กับ ข้าว ไว้ ให้ มี อะ ไร ด่วน ด่วน ค่อย โทร เรียก แม่ นะ
